Activity,Project,Programme,Project Site,Stakeholder Category,Stakeholder Name,Local Authority Area,Delivery Area,Start Date,End Date,Engagement Method,RAG
Community liaison group meeting,PRJ-A,Programme A,Site A1,Community Engagement,Community liaison group,Council 1,Area North,03/09/2026,03/09/2026,Meeting,Green
County show stand,PRJ-A,Programme A,Site A2,Community Engagement,General public,Council 1,Area North,17/09/2026,18/09/2026,Public Event,Green
Drop-in session,PRJ-A,Programme A,Site A2,Community Engagement,Local residents,Council 1,Area North,24/09/2026,24/09/2026,Drop-in Session,Amber
Quarterly council update,PRJ-A,Programme A,Site A1,Local Authority,Council planning team,Council 1,Area North,10/09/2026,10/09/2026,Meeting,Green
Planning pre-application discussion,PRJ-A,Programme A,Site A3,Local Authority,Council planning team,Council 1,Area North,08/10/2026,08/10/2026,Meeting,Amber
Newsletter issue 12,PRJ-A,Programme A,N/A,Communications,Mailing list,Council 1,Area North,01/09/2026,01/09/2026,Newsletter,Green
Newsletter issue 13,PRJ-A,Programme A,N/A,Communications,Mailing list,Council 1,Area North,01/10/2026,01/10/2026,Newsletter,Green
Environmental survey window,PRJ-A,Programme A,Site A3,Consents and Environment,Environmental regulator,Council 1,Area North,10/08/2026,05/09/2026,Site Visit,Amber
Consultation response,PRJ-A,Programme A,Site A3,Consents and Environment,Environmental regulator,Council 1,Area North,15/10/2026,15/10/2026,Email,Green
Subcontractor mobilisation briefing,PRJ-A,Programme A,Site A2,Supply Chain,Tier 2 subcontractor,Council 1,Area North,02/09/2026,04/09/2026,Workshop,Green
Monthly progress meeting,PRJ-A,Programme A,Site A2,Supply Chain,Tier 2 subcontractor,Council 1,Area North,06/10/2026,06/10/2026,Meeting,Green
Careers fair,PRJ-A,Programme A,Site A2,Early Career Attraction,Local college students,Council 1,Area North,29/09/2026,30/09/2026,Public Event,Green
Apprenticeship open day,PRJ-B,Programme A,Site B1,Early Career Attraction,School leavers,Council 2,Area Central,21/09/2026,21/09/2026,Public Event,Amber
Community fun day,PRJ-A,Programme A,Site A2,Social Value,General public,Council 1,Area North,12/09/2026,12/09/2026,Public Event,Green
Community benefit fund launch,PRJ-A,Programme A,Site A1,Social Value,Community councils,Council 1,Area North,20/10/2026,22/10/2026,Workshop,Amber
Executive site visit briefing,PRJ-A,Programme A,Site A3,Corporate Affairs,Client executive team,Council 1,Area North,13/10/2026,13/10/2026,Meeting,Amber
Project delivery board,PRJ-A,Programme A,N/A,Project Delivery,Internal delivery board,Council 1,Area North,18/09/2026,18/09/2026,Meeting,Green
Project delivery board,PRJ-A,Programme A,N/A,Project Delivery,Internal delivery board,Council 1,Area North,16/10/2026,16/10/2026,Meeting,Green
Landowner negotiations,PRJ-B,Programme A,Site B2,Community Engagement,Affected landowners,Council 2,Area Central,07/09/2026,25/09/2026,Meeting,Amber
Road closure notification,PRJ-C,Programme B,Site C1,Local Authority,Council highways team,Council 3,Area South,25/08/2026,25/08/2026,Email,Green
